name,state,latitude,longitude,county_name,population
Bayonne,NJ,40.662495,-74.110201,Hudson County,74744
Berkeley,NJ,39.912906,-74.193095,Ocean County,45550
Bloomfield,NJ,40.809141,-74.187142,Essex County,56375
Brick,NJ,40.061773,-74.109557,Ocean County,77402
Bridgewater,NJ,40.592358,-74.604010,Somerset County,46455
Camden,NJ,39.936787,-75.106644,Camden County,71430
Cherry Hill,NJ,39.904611,-74.997000,Camden County,79965
Clifton,NJ,40.862137,-74.160393,Passaic County,91127
East Brunswick,NJ,40.426249,-74.418244,Middlesex County,50678
East Orange,NJ,40.765055,-74.211655,Essex County,72159
Edison,NJ,40.504396,-74.348843,Middlesex County,109077
Egg Harbor,NJ,39.380407,-74.612341,Atlantic County,48435
Elizabeth,NJ,40.666367,-74.193503,Union County,141675
Evesham,NJ,39.856677,-74.900810,Burlington County,49525
Fort Lee,NJ,40.850640,-73.971007,Bergen County,40345
Franklin (Somerset County),NJ,40.476872,-74.550447,Somerset County,69105
Gloucester,NJ,39.792186,-75.036059,Camden County,67085
Hackensack,NJ,40.889398,-74.045698,Bergen County,46380
Hamilton (Mercer County),NJ,40.206266,-74.675274,Mercer County,94157
Hillsborough,NJ,40.497692,-74.670505,Somerset County,45061
Hoboken,NJ,40.745251,-74.027926,Hudson County,59027
Howell,NJ,40.178108,-74.206225,Monmouth County,55156
Irvington,NJ,40.723859,-74.232522,Essex County,62233
Jackson,NJ,40.090928,-74.361269,Ocean County,61281
Jersey City,NJ,40.711417,-74.064760,Hudson County,302013
Kearny,NJ,40.752332,-74.123093,Hudson County,40862
Lakewood,NJ,40.077069,-74.198510,Ocean County,143765
Linden,NJ,40.627337,-74.236310,Union County,45752
Lower,NJ,38.983768,-74.911308,Cape May County,21533
Manalapan,NJ,40.282353,-74.346564,Monmouth County,40987
Manchester,NJ,39.961624,-74.375315,Ocean County,46556
Marlboro,NJ,40.342931,-74.257197,Monmouth County,42254
Middletown,NJ,40.404786,-74.071404,Monmouth County,67135
Monroe (Middlesex County),NJ,40.319482,-74.428785,Middlesex County,49830
Montclair,NJ,40.824998,-74.210856,Essex County,44633
Mount Laurel,NJ,39.948992,-74.900247,Burlington County,47738
Newark,NJ,40.724220,-74.172574,Essex County,323808
New Brunswick,NJ,40.486677,-74.444414,Middlesex County,57133
North Bergen,NJ,40.793644,-74.025027,Hudson County,61483
North Brunswick,NJ,40.450392,-74.479416,Middlesex County,45097
Old Bridge,NJ,40.404632,-74.308537,Middlesex County,70228
Parsippany-Troy Hills,NJ,40.859636,-74.423348,Morris County,56633
Passaic,NJ,40.857552,-74.129089,Passaic County,71337
Paterson,NJ,40.914766,-74.162829,Passaic County,161793
Pennsville,NJ,39.626341,-75.503451,Salem County,12923
Perth Amboy,NJ,40.520160,-74.271331,Middlesex County,56739
Phillipsburg,NJ,40.691974,-75.179006,Warren County,15456
Piscataway,NJ,40.545539,-74.460720,Middlesex County,62253
Plainfield,NJ,40.615444,-74.415775,Union County,57141
Raritan (Hunterdon County),NJ,40.547102,-74.895921,Hunterdon County,25281
Sayreville,NJ,40.466945,-74.320192,Middlesex County,46787
South Brunswick,NJ,40.384695,-74.522762,Middlesex County,47454
Teaneck,NJ,40.890317,-74.011478,Bergen County,43329
Toms River,NJ,39.994264,-74.166154,Ocean County,100899
Trenton,NJ,40.223841,-74.763624,Mercer County,91506
Union City,NJ,40.767425,-74.032279,Hudson County,66656
Union (Union County),NJ,40.695266,-74.269078,Union County,63675
Vernon,NJ,41.195197,-74.488757,Sussex County,22965
Vineland,NJ,39.465007,-74.997115,Cumberland County,62703
Washington (Gloucester County),NJ,39.748424,-75.069092,Gloucester County,49840
Wayne,NJ,40.945855,-74.245077,Passaic County,54819
West New York,NJ,40.786032,-74.009507,Hudson County,53192
West Orange,NJ,40.785755,-74.265058,Essex County,49557
Winslow,NJ,39.701722,-74.908351,Camden County,40562
Woodbridge,NJ,40.561262,-74.292377,Middlesex County,104802
