name,state,latitude,longitude,zip_prefix,population_weight
New York,NY,40.7128,-74.0060,100,20.0
Buffalo,NY,42.8864,-78.8784,142,1.1
Rochester,NY,43.1566,-77.6088,146,1.1
Albany,NY,42.6526,-73.7562,122,0.9
Newark,NJ,40.7357,-74.1724,071,2.5
Jersey City,NJ,40.7178,-74.0431,073,1.5
Paterson,NJ,40.9168,-74.1718,075,1.0
Trenton,NJ,40.2206,-74.7597,086,0.4
Philadelphia,PA,39.9526,-75.1652,191,6.2
Pittsburgh,PA,40.4406,-79.9959,152,2.4
Boston,MA,42.3601,-71.0589,021,4.9
Chicago,IL,41.8781,-87.6298,606,9.4
Los Angeles,CA,34.0522,-118.2437,900,13.0
San Francisco,CA,37.7749,-122.4194,941,4.7
San Diego,CA,32.7157,-117.1611,921,3.3
Houston,TX,29.7604,-95.3698,770,7.3
Dallas,TX,32.7767,-96.7970,752,7.8
Austin,TX,30.2672,-97.7431,787,2.4
Miami,FL,25.7617,-80.1918,331,6.1
Orlando,FL,28.5383,-81.3792,328,2.7
Tampa,FL,27.9506,-82.4572,336,3.3
Atlanta,GA,33.7490,-84.3880,303,6.2
Seattle,WA,47.6062,-122.3321,981,4.0
Denver,CO,39.7392,-104.9903,802,3.0
Phoenix,AZ,33.4484,-112.0740,850,5.0
